<?xml version='1.0' encoding='UTF-8'?>
<image h="1000" w="1000"><stack><layer composite-op="svg:src-over" name="LOAD SHED" opacity="1.0" src="data/000.png" visibility="hidden" x="693" y="448" /><layer composite-op="svg:src-over" name="CHG" opacity="1.0" src="data/001.png" visibility="visible" x="865" y="925" /><layer composite-op="svg:src-over" name="GEN" opacity="1.0" src="data/002.png" visibility="hidden" x="540" y="55" /><layer composite-op="svg:src-over" name="APU" opacity="1.0" src="data/003.png" visibility="hidden" x="541" y="25" /><layer composite-op="svg:src-over" name="EXT PWR #1" opacity="1.0" src="data/004.png" visibility="hidden" x="569" y="285" /><layer composite-op="svg:src-over" name="EXT PWR" opacity="1.0" src="data/005.png" visibility="hidden" x="321" y="285" /><layer composite-op="svg:src-over" name="PRI" opacity="1.0" src="data/006.png" visibility="hidden" x="600" y="255" /><layer composite-op="svg:src-over" name="SEC" opacity="1.0" src="data/007.png" visibility="hidden" x="353" y="255" /><layer composite-op="svg:src-over" name="R BUS TIE" opacity="1.0" src="data/008.png" visibility="hidden" x="712" y="151" /><layer composite-op="svg:src-over" name="L BUS TIE" opacity="1.0" src="data/009.png" visibility="hidden" x="148" y="151" /><layer composite-op="svg:src-over" name="R XFR" opacity="1.0" src="data/010.png" visibility="hidden" x="540" y="516" /><layer composite-op="svg:src-over" name="L XFR" opacity="1.0" src="data/011.png" visibility="hidden" x="293" y="516" /><layer composite-op="svg:src-over" name="R UTIL" opacity="1.0" src="data/012.png" visibility="hidden" x="761" y="407" /><layer composite-op="svg:src-over" name="L UTIL" opacity="1.0" src="data/013.png" visibility="hidden" x="141" y="407" /><layer composite-op="svg:src-over" name="R MAIN" opacity="1.0" src="data/014.png" visibility="hidden" x="823" y="347" /><layer composite-op="svg:src-over" name="L MAIN" opacity="1.0" src="data/015.png" visibility="hidden" x="77" y="347" /><layer composite-op="svg:src-over" name="R DRIVE" opacity="1.0" src="data/016.png" visibility="hidden" x="864" y="750" /><layer composite-op="svg:src-over" name="L DRIVE" opacity="1.0" src="data/017.png" visibility="hidden" x="24" y="750" /><layer composite-op="svg:src-over" name="CTRL #1" opacity="1.0" src="data/018.png" visibility="hidden" x="806" y="625" /><layer composite-op="svg:src-over" name="CTRL" opacity="1.0" src="data/019.png" visibility="hidden" x="129" y="625" /><layer composite-op="svg:src-over" name="R GEN" opacity="1.0" src="data/020.png" visibility="hidden" x="799" y="595" /><layer composite-op="svg:src-over" name="L GEN" opacity="1.0" src="data/021.png" visibility="hidden" x="118" y="595" /><layer composite-op="svg:src-over" name="AMPS #1" opacity="1.0" src="data/022.png" visibility="hidden" x="687" y="925" /><layer composite-op="svg:src-over" name="VOLTS #1" opacity="1.0" src="data/023.png" visibility="hidden" x="688" y="885" /><layer composite-op="svg:src-over" name="APU BAT" opacity="1.0" src="data/024.png" visibility="hidden" x="749" y="845" /><layer composite-op="svg:src-over" name="R" opacity="1.0" src="data/025.png" visibility="hidden" x="618" y="746" /><layer composite-op="svg:src-over" name="L" opacity="1.0" src="data/026.png" visibility="hidden" x="359" y="746" /><layer composite-op="svg:src-over" name="GEN #1" opacity="1.0" src="data/027.png" visibility="hidden" x="473" y="746" /><layer composite-op="svg:src-over" name="BACKUP" opacity="1.0" src="data/028.png" visibility="hidden" x="453" y="715" /><layer composite-op="svg:src-over" name="AMPS" opacity="1.0" src="data/029.png" visibility="hidden" x="70" y="925" /><layer composite-op="svg:src-over" name="VOLTS" opacity="1.0" src="data/030.png" visibility="hidden" x="66" y="885" /><layer composite-op="svg:src-over" name="MAIN BAT" opacity="1.0" src="data/031.png" visibility="hidden" x="125" y="845" /><layer composite-op="svg:src-over" name="text" opacity="1.0" src="data/032.png" visibility="hidden" x="0" y="0" /><layer composite-op="svg:src-over" name="white" opacity="1.0" src="data/033.png" visibility="hidden" x="0" y="0" /><layer composite-op="svg:src-over" name="left main ---- right main" opacity="1.0" src="data/034.png" visibility="hidden" x="116" y="108" /><layer composite-op="svg:src-over" name="apu gen ---- l main" opacity="1.0" src="data/035.png" visibility="hidden" x="116" y="84" /><layer composite-op="svg:src-over" name="apu gen ---- r main" opacity="1.0" src="data/036.png" visibility="hidden" x="492" y="84" /><layer composite-op="svg:src-over" name="apu gen" opacity="1.0" src="data/037.png" visibility="hidden" x="469" y="12" /><layer composite-op="svg:src-over" name="sec ext pwr ---- r main" opacity="1.0" src="data/038.png" visibility="hidden" x="342" y="108" /><layer composite-op="svg:src-over" name="sec ext pwr ---- l main" opacity="1.0" src="data/039.png" visibility="hidden" x="116" y="108" /><layer composite-op="svg:src-over" name="right main ---- right xfr" opacity="1.0" src="data/040.png" visibility="hidden" x="617" y="353" /><layer composite-op="svg:src-over" name="left main ---- left xfr" opacity="1.0" src="data/041.png" visibility="hidden" x="208" y="353" /><layer composite-op="svg:src-over" name="left_idg" opacity="1.0" src="data/042.png" visibility="hidden" x="48" y="384" /><layer composite-op="svg:src-over" name="right_idg" opacity="1.0" src="data/043.png" visibility="hidden" x="888" y="384" /><layer composite-op="svg:src-over" name="primary external power supplying" opacity="1.0" src="data/044.png" visibility="hidden" x="592" y="213" /><layer composite-op="svg:src-over" name="secondary external power on" opacity="1.0" src="data/045.png" visibility="hidden" x="336" y="189" /><layer composite-op="svg:src-over" name="primary external power on" opacity="1.0" src="data/046.png" visibility="hidden" x="586" y="189" /><layer composite-op="svg:src-over" name="left main" opacity="1.0" src="data/047.png" visibility="hidden" x="36" y="324" /><layer composite-op="svg:src-over" name="right main" opacity="1.0" src="data/048.png" visibility="hidden" x="783" y="330" /><layer composite-op="svg:src-over" name="right xfr" opacity="1.0" src="data/049.png" visibility="hidden" x="523" y="498" /><layer composite-op="svg:src-over" name="left xfr" opacity="1.0" src="data/050.png" visibility="hidden" x="281" y="497" /><layer composite-op="svg:src-over" name="right_drive" opacity="1.0" src="data/051.png" visibility="hidden" x="41" y="666" /><layer composite-op="svg:src-over" name="left_drive" opacity="1.0" src="data/052.png" visibility="hidden" x="881" y="666" /><layer composite-op="svg:src-over" name="left bus tie" opacity="1.0" src="data/053.png" visibility="hidden" x="182" y="94" /><layer composite-op="svg:src-over" name="right bus tie" opacity="1.0" src="data/054.png" visibility="hidden" x="747" y="93" /><layer composite-op="svg:src-over" name="backup_gen_supply" opacity="1.0" src="data/055.png" visibility="hidden" x="582" y="555" /><layer composite-op="svg:src-over" name="left drive annun" opacity="1.0" src="data/056.png" visibility="hidden" x="131" y="695" /><layer composite-op="svg:src-over" name="right drive annun" opacity="1.0" src="data/057.png" visibility="hidden" x="792" y="695" /><layer composite-op="svg:src-over" name="L UTIL AVAIL" opacity="1.0" src="data/058.png" visibility="hidden" x="103" y="383" /><layer composite-op="svg:src-over" name="R UTIL AVAIL" opacity="1.0" src="data/059.png" visibility="hidden" x="371" y="383" /><layer composite-op="svg:src-over" name="elec_background-1.png" opacity="1.0" src="data/060.png" visibility="hidden" x="0" y="0" /><layer composite-op="svg:src-over" name="template" opacity="1.0" src="data/061.png" visibility="hidden" x="0" y="0" /><layer composite-op="svg:src-over" name="Background" opacity="1.0" src="data/062.png" visibility="hidden" x="0" y="5" /></stack></image>